自分の攻撃力×3倍の火属性攻撃,5,ヒートブレス,6,1,10
光属性のモンスターに大ダメージ攻撃（光属性のモンスターに35000ダメージ(実質70000ダメージ)）,10,ダークストライク,6,226,15
敵1体に300の固定ダメージ,8,シークレットボーナス,8,223,15
2ターンの間、体力タイプの攻撃力を少し上げ、攻撃力×30倍の光属性で攻撃する（体力タイプの攻撃力を1.3倍にする）,10,雷雲の息吹,10,220,19
2ターンの間、攻撃タイプの攻撃力を少し上げ、攻撃力×30倍の木属性で攻撃する（攻撃タイプの攻撃力を1.3倍にする）,10,大地の息吹,10,218,19
敵のHPを20%減らす,10,四神乱舞,6,211,15
敵1体に攻撃力×20倍で攻撃し、HPが回復する,15,ナイトメアソード,6,209,20
敵1体に自分の攻撃力×50倍の火属性攻撃,15,クリムゾンボム,16,208,30
敵全体にランダムダメージ,10,チョコメテオ,1,204,10
2ターンの間、攻撃タイプの攻撃力を少し上げ、攻撃力×30倍の水属性で攻撃する（攻撃タイプの攻撃力を1.3倍にする）,10,氷雪の息吹,10,200,19
HPが1になるが、敵1体に水属性の超絶ダメージ。1ターンの間、攻撃とマシンタイプの攻撃力が2.5倍。（300000ダメージ、HPが1のときには使えない）,10,時が満ちた…,11,198,20
敵1体に攻撃力×10倍で攻撃、ダメージの50%HP回復。1ターンの間、攻撃とマシンタイプの攻撃力が1.5倍。,12,さあ、約束の時だ,6,197,17
敵1体に15000の固定ダメージ,10,最大の拒絶,11,192,20
2ターンの間、攻撃タイプの攻撃力を少し上げ、攻撃力×30倍の闇属性で攻撃する（攻撃タイプの攻撃力を1.3倍にする）,10,魔障の息吹,10,186,19
敵のHPを35%減らす,20,グラビティブレス,16,185,35
敵全体に攻撃力×30倍の火属性攻撃。1ターンの間、火属性の攻撃力が1.5倍。,8,オリンポスの炎,13,183,20
最大HPの30%分HP回復、バインド状態を3ターン回復。,7,駆逐してやる!!,6,681,12
チームの総回復力×5倍のHP回復。1ターンの間、受けるダメージを軽減。,7,大丈夫！？,6,679,12
最大HP40%分のHP回復、バインド状態を4ターン回復。自分以外の味方スキルが1ターン溜まる。,8,神座の光明,5,655,12
最大HP50%分のHP回復、バインド状態を5ターン回復。自分以外の味方スキルが1ターン溜まる。,10,ドラウプニル,6,652,15
HPが5000回復、バインド状態を2ターン回復。自分以外の味方スキルが1ターン溜まる。,7,またまた、おハロー,6,573,12
HPを4000回復。バインド状態を4ターン回復。,8,スイーツパフューム,11,560,18
回復力×10倍のHPを回復。バインド状態を2ターン回復。,8,光輝・天照輪,6,544,13
敵1体に攻撃力×20倍で攻撃、ダメージの50%HP回復。水以外のドロップから回復ドロップを3個生成。,8,命水の蓮華,5,539,12
最大HPの50%分HPを回復。バインド状態を2ターン回復。,10,治癒能力,7,496,16
最大HPの25%分HPを回復。木と光ドロップの攻撃力を強化。,10,質実剛健の奮起,11,477,20
HPを3000回復し、バインド状態を3ターン回復する,10,ファミ通Appの祝福,1,443,10
最大HPの30%分HPを回復し、バインド状態を3ターン回復する,7,ソウルキュアー,3,422,9
最大HPの30%分HPを回復。バインド状態を1ターン回復。,10,仁愛の後光,11,417,20
HPを4649回復し、闇ドロップの攻撃力を強化する,6,ヘルズチャージ,5,406,10
HPを全回復。,20,仙豆,1,362,20
回復力×7倍のHPを回復、バインド状態を2ターン回復。,7,ハイヒール,5,344,11
HPを4000回復。ランダムで光ドロップを1個生成。,4,日本四大うどん,7,322,10
HPを832回復する,10,ファミ通Appの声援,1,319,10
HPを3000回復、バインド状態を1ターン回復。,5,友との約束,5,287,9
回復力×6倍のHPを回復、バインド状態を3ターン回復。,6,クイックキュアー,6,216,11
HPを3000回復する,10,いやしのエール,1,207,10
自分の回復力×15倍のHPを回復する,15,チョコケアル,1,206,15
HPを2500回復。,10,いやしの踊り,1,166,10
回復力×3倍のHPを回復し、バインド状態を2ターン回復する,3,クイックヒール,6,140,8
木属性の小ダメージで攻撃し、さらにHPを500回復する,1,草津の温泉,6,66,6
回復力×10倍のHPを回復し、バインド状態を3ターン回復する,10,キュアー,11,64,20
回復力×5倍のHPを回復。バインド状態を2ターン回復。,5,ヒール,6,63,10
HPを全回復し、バインド状態を全回復する,10,完治の光,11,62,20
HPを2000回復する,3,大回復の光,8,61,10
HPを500回復する,5,回復の光,6,60,10
HPを300回復する,5,癒しの光,6,59,10
1ターンの間、火と水属性の攻撃力が2倍。自分以外の味方スキルが1ターン溜まる。,12,ルーンエンハンス・火水,5,684,16
6ターンの間、体力タイプの攻撃力がほんの少し上昇。自分以外の味方スキルが1ターン溜まる。,8,･･････半分･･･どうぞ･･･,6,680,13
3ターンの間、敵の防御力をかなり減少。自分以外の味方スキルが1ターン溜まる。,8,実験していいよね？,6,678,13
3ターンの間、水属性ダメージを無効化。3ターンの間、攻撃が全体攻撃になる。,11,今･･･何を･･･するべきか･･･,6,677,16
4ターンの間、受けるダメージを軽減。,6,今手を打たないと,6,675,11
1ターンの間、光と水属性の攻撃力が2倍。自分以外の味方スキルが1ターン溜まる。,12,ルーンエンハンス・光水,5,670,16
1ターンの間、水と闇属性の攻撃力が2倍。自分以外の味方スキルが1ターン溜まる。,12,ルーンエンハンス・水闇,5,669,16
1ターンの間、ドロップ操作時間を5秒延長。自分以外の味方スキルが2ターン溜まる。,13,サンライトクラウン,6,660,18
敵全体が水属性に変化。（バリアの影響は受けない）,15,エレメンタルジャマー・水,6,659,20
敵全体が火属性に変化。（バリアの影響は受けない）,15,エレメンタルジャマー・火,6,658,20
敵全体が木属性に変化。（バリアの影響は受けない）,15,エレメンタルジャマー・木,6,657,20
全ドロップを強化。1ターンの間、ドロップ操作時間を5秒延長。,8,煌月の世界,5,654,12
2ターンの間、自分の属性が闇属性に変化。1ターンの間、マシンタイプの攻撃力が1.5倍。,6,ダークネスモード,11,653,16
3ターンの間、受けるダメージを半減。自分以外の味方スキルが1ターン溜まる。,11,灼嵐の剛壁,5,650,15
敵の攻撃頻度がかなり低下。,15,八相の暴圧,5,649,19
1ターンの間、体力タイプの攻撃力が2倍。敵の攻撃頻度がほんの少し低下。,10,鎧羅族の王,6,646,15
自分以外の味方スキルが1ターン溜まる。ランダムでドロップを入れ替える。,8,花鳥風月の杯,6,641,13
自分以外の味方スキルが2ターン溜まる。,12,ルドラークシャ,6,633,17
1ターンの間、ドロップ操作時間を5秒延長。1ターンの間、悪魔タイプの攻撃力が1.5倍。,11,パズル＆デーモンズ,4,632,14
1ターンの間、神とドラゴンタイプの攻撃力が2倍。自分以外の味方スキルが1ターン溜まる。,10,転界逢龍唱・神牙,6,626,15
ランダムでドロップを入れ替える。,6,熱炒のまぐわ,16,619,21
3ターンの間、攻撃が全体攻撃になる。3ターンの間、悪魔タイプの攻撃力がほんの少し上昇。,8,デーモン・ダンス,8,614,15
自分以外の味方スキルが1ターン溜まる。ランダムでドロップを入れ替える。,8,ボルメテウス・W・フレア,6,610,13
1ターンの間、悪魔タイプの攻撃力が2倍。自分以外の味方スキルが1ターン溜まる。,12,スペル・シュトローム,6,609,17
1ターンの間、木属性の攻撃力が1.5倍。自分以外の味方スキルが1ターン溜まる。,8,タオパブの力,6,608,13
1ターンの間、ドラゴンタイプの攻撃力が1.5倍。自分以外の味方スキルが1ターン溜まる。,8,ドラゴン・サポート,6,607,13
1ターンの間、受けるダメージを軽減。自分以外の味方スキルが1ターン溜まる。,7,フェルマータ,11,601,17
4ターンの間、攻撃を受けると闇属性で猛反撃。木ドロップを闇ドロップに変化。,8,ネクロバイト,5,598,12
1ターンの間、受けるダメージを少し軽減。バインド状態を2ターン回復。,3,クイックガード,5,596,7
3ターンの間、光ドロップが少し落ちやすくなる。ランダムで光ドロップを2個生成。,6,Sレボリューション,5,594,10
3ターンの間、闇ドロップが少し落ちやすくなる。自分以外の味方スキルが1ターン溜まる。,7,ライジングダーク,11,593,17
1ターンの間、バランスタイプの攻撃力が2倍。HPが1になるが、敵全体に攻撃力×100倍の光属性攻撃。,10,ホーリー・グレイル,5,592,14
1ターンの間、攻撃を受けると水属性で猛反撃。自分以外の味方スキルが1ターン溜まる。,7,ボルテックスカウンター,5,591,11
2ターンの間、受けるダメージを軽減。,5,太古の鎖蔓,5,589,9
火ドロップの攻撃力を強化。自分以外の味方スキルが2ターン溜まる。,13,ブレイズチャージ,11,588,23
4ターンの間、受けるダメージを軽減。,6,イモータルガード,6,587,11
自分以外の味方スキルが1ターン溜まる。8秒間、時を止めてドロップを動かせる。,14,私も変えたい、あの未来を,6,580,19
光ドロップを強化。自分以外の味方スキルが1ターン溜まる。,7,格の違いを見せてやる,6,579,12
1ターンの間、火と闇属性の攻撃力が1.5倍。自分以外の味方スキルが2ターン溜まる。,15,我ら、来たれり,6,578,20
1ターンの間、水属性の攻撃力が1.5倍。自分以外の味方スキルが1ターン溜まる。,8,これがオレの物語だ！,6,577,13
1ターンの間、受けるダメージが半減。自分以外の味方スキルが1ターン溜まる。,9,私、召喚士になれました,6,576,14
1ターンの間、攻撃を受けると闇属性で猛反撃。自分以外の味方スキルが1ターン溜まる。,7,来ないでーっ！！,6,575,12
3ターンの間、木と光ドロップが少し落ちやすくなる。自分以外の味方スキルが1ターン溜まる。,7,そうはさせないぜ！,6,574,12
火水光闇ドロップの攻撃力を強化。自分以外の味方スキルが2ターン溜まる。,13,オレは選ばれし者,6,571,18
特定のスキルがランダムで発動,10,おれのコレクション,5,569,14
1ターンの間、敵の防御力が激減。火と回復ドロップを強化。,9,爆滅の三眼,5,561,13
7秒間、時を止めてドロップを動かせる。,7,IT'S A SHOW TIME!,6,559,12
火ドロップの攻撃力を強化。1ターンの間、ドロップ操作時間を1秒延長。,4,リバーサルフレイム,5,557,8
3ターンの間、攻撃が全体攻撃になる。1ターンの間、ドロップ操作時間を2秒延長。,5,ワイルドキャッツ,5,558,9
闇ドロップの攻撃力を強化。10秒間、時を止めてドロップを動かせる。,15,超神羅・A・ロード・シン,6,547,20
光ドロップの攻撃力を強化。6秒間、時を止めてドロップを動かせる。,5,ビューティフル・ワールド,5,528,9
1ターンの間、受けるダメージを無効化。バインド状態を3ターン回復。,15,闘勁呼法,6,516,20
1ターンの間、敵の防御力を0にする。1ターンの間、ドロップ操作時間を7秒延長。,15,お前はもう死んでいる,6,515,20
1ターンの間、ドロップ操作時間を5秒延長。1ターンの間、ドラゴンタイプの攻撃力が1.5倍。,11,パズル&ドラゴンズ,11,512,21
1ターンの間、攻撃を受けると闇属性で超反撃。,10,かかってくるがいい!!,11,513,20
1ターンの間、自分の属性が水属性に変化。1ターンの間、攻撃タイプの攻撃力が1.5倍。,3,スタイルチェンジ・水,8,505,10
1ターンの間、自分の属性が火属性に変化。1ターンの間、攻撃タイプの攻撃力が1.5倍。,3,スタイルチェンジ・火,8,504,10
1ターンの間、自分の属性が木属性に変化。1ターンの間、攻撃タイプの攻撃力が1.5倍。,3,スタイルチェンジ・木,8,503,10
1ターンの間、受けるダメージを半減。1ターンの間、バランスタイプの攻撃力が1.5倍。,8,霊星の輝き,11,500,18
3ターンの間、火と木ドロップが少し落ちやすくなる。,6,舞空術,6,499,11
3ターンの間、ドロップ操作時間を1秒延長。敵全体を毒にする。,6,五華の鱗粉,5,484,10
1ターンの間、敵の防御力を激減。水ドロップを火に、回復ドロップを闇に変化。,8,黄泉の波動,5,480,12
サブにいる時にリーダーと入れ替わる。もう一度使うと、サブに戻る。,4,魔石光の瞬移,6,479,9
敵のHPを15%減らす。火ドロップの攻撃力を強化。,12,戦国龍の豪気,7,478,18
敵の攻撃頻度をほんの少し低下。,8,魔法の投げ縄,6,472,13
1ターンの間、攻撃が全体攻撃になる。木ドロップの攻撃力を強化。,7,ブロークンアロー,6,469,12
1ターンの間、闇属性の攻撃力が1.5倍。闇ドロップの攻撃力を強化。,12,ダークテラーミスト,6,463,17
闇ドロップの攻撃力を強化。1ターンの間、受けるダメージを減らす。,7,滅魔の息吹,4,452,10
1ターンの間、受けるダメージを軽減。全ドロップ火、木、闇ドロップに変化。,12,エメラルドガード,11,450,22
敵の攻撃頻度が少し低下。,9,牽制するニャ！,5,448,13
1ターンの間、悪魔とドラゴンタイプの攻撃力が1.5倍。闇ドロップの攻撃力を強化。,12,ジワジワ攻めるニャ！,5,447,16
最大HPの25%分HPを回復。火と木ドロップの攻撃力を強化。,10,剛柔一体の練気,11,444,20
敵の攻撃頻度がほんの少し低下。最下段横1列を回復ドロップに変化。,12,ブレイクタイム,5,439,16
敵の攻撃頻度を少しさげ、敵1体に自分の攻撃力分の攻撃をする,9,ダイナマイトキック,6,431,14
1ターンの間、受けるダメージを半減。,10,バリアー,16,429,25
1ターンの間、光属性のダメージを無効化。,12,光吸収,11,428,22
1ターンの間、攻撃と悪魔タイプの攻撃力が2倍。敵全体を超猛毒にする。,15,ヘブンズシュトローム,3,421,17
1ターンの間、敵の防御力を半減し、闇ドロップを火ドロップに変化させる,5,獄天の焦熱,3,420,7
2ターンの間、攻撃が全体攻撃になる,4,理力パワー増大,5,413,8
敵のHPを10%減らす。火ドロップの攻撃力を強化。,8,ウルズ↑↑フィーバー☆,7,407,14
敵の攻撃頻度をさげ、HPを4000回復する,12,尖聖剣,5,412,16
敵の攻撃頻度をほんの少しさげ、闇ドロップを木ドロップに変化させる,11,万夫不当の一喝,10,402,20
1ターンの間、神と悪魔タイプの攻撃力が2倍。HPが1になるが、敵1体に攻撃力×40倍の闇属性攻撃。,8,神器の一撃,6,398,13
1ターンの間、受けるダメージを無効化。光ドロップの攻撃力を強化。,15,苦難打破の知恵,10,397,24
3ターンの間、木ドロップが少し落ちやすくなる。ランダムで木ドロップを2個生成。,6,木の目覚め,10,396,15
3ターンの間、水ドロップが少し落ちやすくなる。ランダムで水ドロップを2個生成。,6,水の目覚め,10,395,15
3ターンの間、火ドロップが少し落ちやすくなる。ランダムで火ドロップを2個生成。,6,火の目覚め,10,394,15
サブにいる時にリーダーと入れ替わる　もう一度使うと、サブに戻る,5,ブローニングシフト,16,393,20
敵のHPを15%減らし、1ターンの間、ドラゴンタイプの攻撃力が2倍になる,16,海賊龍の王威,7,392,22
1ターンの間、光と闇属性の攻撃力が1.5倍。バインド状態を2ターン回復。,12,ヒエログリフの刻印,9,391,20
サブにいる時にリーダーと入れ替わる もう1度使うと、サブに戻る,3,超古代の英知,4,382,6
12秒間、時を止めてドロップを動かせる。,16,アナザーディメンション,11,381,26
敵の攻撃頻度をほんの少しさげ、敵全体に攻撃力×50倍の火属性で攻撃する,12,マーズディライト,11,373,22
2ターンの間、受けるダメージを減らし、敵全体に攻撃力×10倍の火属性で攻撃をする,7,錬成の焔術,11,372,17
2ターンの間、光属性のダメージを無効化し、敵1体に攻撃力×20倍の攻撃をする,9,どどん波,5,371,13
敵の攻撃頻度を少し低下。HPが1になるが、敵1体に攻撃力×30倍の木属性攻撃。,9,気功砲,5,370,13
敵の攻撃頻度をほんの少し低下。敵1体に攻撃力×30倍の攻撃。,11,気円斬,5,368,15
1ターンの間、体力とドラゴンタイプの攻撃力が1.5倍。敵1体に攻撃力×100倍の攻撃。,10,かめはめ波,7,363,16
5秒間、時を止めてドロップを動かせる。,10,サイコキネシス,8,359,17
1ターンの間、敵の防御力を減少。敵1体に攻撃力×20倍の攻撃。,8,クラッシャーボール,8,358,15
1ターンの間、ドラゴンタイプの攻撃力が1.5倍。敵1体に攻撃力×20倍の攻撃。,13,リクーム…ウルトラ…,8,356,20
1ターンの間、受けるダメージを減少。1ターンの間、ドラゴンタイプの攻撃力が1.5倍。,13,変身,6,355,18
敵の攻撃頻度をほんの少しさげ、水ドロップの攻撃力を強化する,14,時の潮騒,10,353,23
水と光ドロップの攻撃力を強化。回復力×10倍のHPを回復。,10,水明星心の占術,6,352,15
1ターンの間、攻撃タイプの攻撃力が2倍。敵の防御力を半減。,8,百戦百勝の求道,5,351,12
敵1体に攻撃力×10倍の攻撃。1ターンの間、神タイプの攻撃力が1.5倍。,11,BEAMSビーム,1,349,11
闇ドロップの攻撃力を強化し、2ターンの間、受けるダメージを減らす,10,ブラッドハウル,6,348,15
敵の攻撃頻度をほんの少しさげ、光ドロップの攻撃力を強化する,11,ライトニングハウル,6,347,16
敵の攻撃頻度をほんの少しさげ、木ドロップの攻撃力を強化する,11,グランドハウル,6,346,16
1ターンの間、受けるダメージを半減。闇と回復ドロップを水ドロップに変化。,11,蒼覇王の援護,5,343,15
1ターンの間、ドラゴンタイプの攻撃力を少し上げ、敵1体に攻撃力×50倍の攻撃をする,14,どおれ、本気でいくか,15,342,28
1ターンの間、敵の防御力を減らし、受けるダメージを減らす,10,我ガ力ヲ、行使スル,11,341,20
1ターンの間、受けるダメージを軽減し、光ドロップの攻撃力を強化する,7,耀冥妃のささやき,14,340,20
4ターンの間、回復力が2倍。HPを3000回復。,8,龍心解放の経文,11,337,18
1ターンの間、悪魔タイプの攻撃力が2.5倍。HPが1になるが、敵全体に攻撃力×10倍の闇属性攻撃。,12,天下無双の崩撃,5,333,16
敵の攻撃頻度を少し低下。2ターンの間、回復タイプの攻撃力が2倍。,13,虚心坦懐の慧眼,6,330,18
敵の攻撃頻度をほんの少し低下。水ドロップを火ドロップに変化。,9,主我覇道の編纂,6,329,14
2ターンの間、回復タイプの攻撃力を2倍にし、受けるダメージを減らす,15,裁きの瞑奏,11,328,25
サブにいる時にリーダーと入れ替わる　もう一度使うと、サブに戻る,6,フリージングシフト,11,326,16
サブにいる時にリーダーと入れ替わる　もう一度使うと、サブに戻る,6,バーニングシフト,11,325,16
1ターンの間、受けるダメージを減らし、HPを4000回復する,9,ライフストリーム,11,324,19
木と闇ドロップの攻撃力を強化。,7,デッドライズ,9,317,15
1ターンの間、敵の防御力を0にする,15,いちころウインクよ！,5,315,19
敵の攻撃頻度をほんの少し下げる,8,プリンセススマイル,4,314,11
敵1体に攻撃力×30倍の光属性攻撃。1ターンの間、光属性の攻撃力が2倍。,11,ポムプリダンス☆,5,311,15
敵の攻撃頻度がほんの少し低下。木ドロップの攻撃力を強化。,11,メロディウインク♪,5,310,15
敵1体に攻撃力×30倍の攻撃。1ターンの間、バランスタイプの攻撃力が1.5倍。,6,リンゴパワー！,5,308,10
4ターンの間、神タイプの攻撃力が1.5倍になり、敵全体に攻撃力×10倍で攻撃するがHPが1になる,15,苦難の超克,11,307,25
1ターンの間、闇属性のダメージを無効化。最大HP25%分のHP回復。,8,ヒールバリア,6,304,13
1ターンの間、受けるダメージを半減する,7,ロックシールド,6,303,12
1ターンの間、水属性の攻撃力を1.5倍。最大HP25%分のHP回復。,8,エールヒール,6,302,13
1ターンの間、敵の防御力が半減。自分以外の味方スキルが1ターン溜まる。,7,壱乃掌,5,291,11
1ターンの間、受けるダメージを減らす,4,薄っぺらな嘘,5,290,8
特定のスキルがランダムで発動する,6,盗賊の極意,5,289,10
敵1体に攻撃力×30倍の攻撃。1ターンの間、体力タイプの攻撃力が2倍。,8,桃色吐息,4,288,11
敵の攻撃頻度をかなりさげる（敵の攻撃までのターンを4ターン追加する）,19,律する小指の鎖,5,286,23
敵1体に攻撃力×10倍の攻撃。2ターンの間、回復タイプの攻撃力が1.5倍。,13,僕、ちょっと強いかも,6,283,18
1ターンの間、受けるダメージを減らす（1ターンの間、受けるダメージ35%減らす）,4,慈愛の擁護,8,266,11
3ターンの間、受けるダメージを軽減。（3ターンの間、受けるダメージを35%減らす）,6,黄泉の羽衣,8,265,13
1ターンの間、闇属性ダメージを無効化する,10,卵！,6,263,15
敵1体に攻撃力×10倍の火属性攻撃。5ターンの間、火と水属性の攻撃力が少し上昇。,6,突撃！！,10,262,15
敵1体に攻撃力×30倍の攻撃。1ターンの間、闇属性の攻撃力が2倍。,11,バットウィング,4,258,14
敵の攻撃頻度をほんの少しさげる（敵の攻撃までのターンを1ターン追加する）,8,インティミデーション,4,257,11
敵の攻撃頻度を少しさげる（敵の攻撃までのターンを2ターン追加する）,9,エレクトリックインパクト,6,256,14
敵1体に攻撃力×30倍の攻撃。6ターンの間、バランスタイプの攻撃力が少し上昇。,3,バードラン,4,255,6
特定のスキルがランダムで発動。,10,キリングジョーク,6,253,15
水と闇ドロップの攻撃力を強化。,7,デッドリードライブ,9,252,15
火と光ドロップの攻撃力を強化。,7,創焔の神風,9,250,15
敵1体に攻撃力×10倍の光属性攻撃。6ターンの間、回復力が少し上がる,7,サポートするニャ！,6,248,12
敵1体に攻撃力×10倍の闇属性攻撃。5ターンの間、ドラゴンタイプの攻撃力が少し上昇。,7,本気だすニャ！,6,247,12
最大HP25％分のHP回復。2ターンの間、木と光属性の攻撃力が1.5倍。,12,スキありニャ！,6,246,17
敵1体に攻撃力×30倍の光属性攻撃。1ターンの間、体力タイプの攻撃力が2倍になる,8,力をためるニャ！,4,244,11
敵1体に攻撃力×30倍の木属性攻撃。1ターンの間、バランスタイプの攻撃力が2倍。,8,突進準備ニャ！,4,243,11
敵1体に攻撃力×30倍の光属性攻撃。1ターンの間、回復タイプの攻撃力が2倍。,8,応援するニャ！,4,242,11
6ターンの間、受けるダメージを減らす（6ターンの間、受けるダメージを30%減らす）,7,ふんばるニャ！,6,241,12
敵1体に攻撃力×30倍の火属性攻撃。5ターンの間、バランスタイプの攻撃力が少しあがる（5ターンの間、バランスタイプの攻撃力を1.3倍にする）,7,堅実にいくニャ！,6,240,12
敵1体に攻撃力×30倍の闇属性攻撃。1ターンの間、攻撃タイプの攻撃力が2倍。,8,気合を入れるニャ！,4,239,11
1ターンの間、敵の防御力を0にする,22,ググる,1,234,22
敵の攻撃頻度がほんの少し低下。1ターンの間、闇属性の攻撃力が1.5倍。（敵の攻撃までのターンを1ターン追加する）,8,国建の妙技,4,232,11
敵1体に攻撃力×30倍の攻撃。1ターンの間、神タイプの攻撃力が2倍。,8,創造の息吹,4,231,11
1ターンの間、受けるダメージをかなり減らす（1ターンの間、敵からのダメージを1/4にする）,8,聡明なる神護,4,230,11
4ターンの間、回復力が1.5倍になり、バインド状態を4ターン回復する,8,癒しの鼓舞,4,228,11
水と木ドロップの攻撃力を強化。,7,冷気の波動,9,227,15
木と光ドロップの攻撃力を強化。,7,アイギスの煌き,9,225,15
敵1体に攻撃力×10倍の攻撃。2ターンの間、バランスタイプの攻撃力が1.5倍。,12,グルーヴコースター,6,224,17
サブにいる時にリーダーと入れ替わる　もう一度使うと、サブに戻る,6,古代の英知,18,222,23
サブにいる時にリーダーと入れ替わる　もう一度使うと、サブに戻る,6,リーダーチェンジ,11,221,16
サブにいる時にリーダーと入れ替わる　もう一度使うと、サブに戻る,4,大天狗の舞,13,219,16
光と闇ドロップの攻撃力を強化。バインド状態を1ターン回復。,10,神魔の息吹,6,217,15
1ターンの間、受けるダメージを半減する,8,チョコガード,1,205,8
火と闇ドロップの攻撃力を強化。,7,魔炎妃のくちづけ,9,210,15
1ターンの間、ドラゴンタイプの攻撃力が2.5倍。敵の攻撃頻度をほんの少し低下。,11,ドラゴンエンハンス,11,203,21
1ターンの間、ドラゴンタイプの攻撃力が2倍。敵の攻撃頻度をほんの少し低下。,12,どらごんえんはんす,6,202,17
2ターンの間、受けるダメージを半減する,10,私が守るもの,6,196,15
敵1体に攻撃力×30倍の攻撃。1ターンの間、攻撃とマシンタイプの攻撃力が1.5倍。,7,合点承知！,6,195,12
5秒間、時を止めてドロップを動かせる,5,あんたバカぁ？,11,193,15
敵1体に攻撃力×10倍の攻撃。1ターンの間、悪魔タイプの攻撃力が3倍。,12,悪魔エンハンス,6,191,17
敵1体に攻撃力×10倍の攻撃。1ターンの間、回復タイプの攻撃力が3倍。,12,回復エンハンス,6,190,17
敵1体に攻撃力×10倍の攻撃。1ターンの間、バランスタイプの攻撃力が3倍。,12,バランスエンハンス,6,189,17
敵1体に攻撃力×10倍の攻撃。1ターンの間、体力タイプの攻撃力が3倍。,12,体力エンハンス,6,188,17
敵1体に攻撃力×10倍の攻撃。1ターンの間、攻撃タイプの攻撃力が3倍。,12,攻撃エンハンス,6,187,17
4ターンの間、攻撃を受けると光属性で反撃。水ドロップを光ドロップに変化。（受けたダメージの3倍の光属性で反撃する）,8,雷の呪い,11,174,18
4ターンの間、攻撃を受けると木属性で反撃。火ドロップを木ドロップに変化。（受けたダメージの3倍の木属性で反撃する）,7,樹の呪い,11,173,17
4ターンの間、攻撃を受けると水属性で反撃。火ドロップを水ドロップに変化。（受けたダメージの3倍の水属性で反撃する）,7,氷の呪い,11,172,17
4ターンの間、攻撃を受けると火属性で反撃。木ドロップを火ドロップに変化。（受けたダメージの3倍の火属性で反撃する）,7,炎の呪い,11,171,17
3ターンの間、攻撃を受けると光属性で反撃。（受けたダメージの3倍の光属性で反撃する）,15,聖夜の審判,6,145,20
1ターンの間、敵の防御力を0にする。3ターンの間、闇属性ダメージを無効化。（3ターンの間、闇属性のダメージを無効化する）,15,見切り,6,144,20
バインド状態を4ターン回復。7秒間、時を止めてドロップを動かせる。,7,虹色の磁石,6,143,12
3ターンの間、攻撃が全体攻撃になり、木属性の攻撃力がほんの少し上がる（攻撃力が1.15倍になる）,6,スプレッドキャッツ,8,141,13
4ターンの間、攻撃を受けると闇属性で反撃。木ドロップを闇ドロップに変化。（受けたダメージの3倍の闇属性で反撃する）,8,暗黒の呪い,11,138,18
6秒間時を止めてドロップを動かせる,10,時のぜんまい,6,137,15
5ターンの間、敵の防御力を半減。（5ターンの間、敵の防御力を1/2にする）,8,シールドブレイク,8,130,15
3ターンの間、受けるダメージをかなり減少。（3ターンの間、敵からのダメージを1/4にする）,15,みかわし,6,129,20
敵の攻撃頻度を少し低下。（敵の攻撃までのターンを2ターン追加する）,9,スロウ,6,128,14
1ターンの間、敵の防御力を0にする。3ターンの間、光属性ダメージを無効化。 （1ターンの間、敵の防御力を0にする）,15,みやぶる,6,126,20
敵1体に攻撃力×30倍の木属性攻撃。1ターンの間、木属性の攻撃力が1.5倍。,7,ためる,6,125,12
闇ドロップの攻撃力を強化する,4,ドロップ強化・闇,12,122,15
光ドロップの攻撃力を強化する,4,ドロップ強化・光,12,121,15
木ドロップの攻撃力を強化する,4,ドロップ強化・木,12,120,15
水ドロップの攻撃力を強化する,4,ドロップ強化・水,12,119,15
火ドロップの攻撃力を強化する,4,ドロップ強化・火,12,118,15
10秒間、時を止めてドロップを動かせる。,13,チェンジ・ザ・ワールド,8,86,20
5秒間、時を止めてドロップを動かせる,5,ワールド,11,85,15
3ターンの間、闇属性の攻撃力が1.5倍。自分以外の味方スキルが1ターン溜まる。,9,ダークエンハンス,9,84,17
3ターンの間、光属性の攻撃力が1.5倍。自分以外の味方スキルが1ターン溜まる。,9,サンダーエンハンス,9,83,17
3ターンの間、木属性の攻撃力が1.5倍。自分以外の味方スキルが1ターン溜まる。,9,アースエンハンス,9,82,17
3ターンの間、水属性の攻撃力が1.5倍。自分以外の味方スキルが1ターン溜まる。,9,ウォーターエンハンス,9,81,17
3ターンの間、火属性の攻撃力が1.5倍。自分以外の味方スキルが1ターン溜まる。,9,フレイムエンハンス,9,80,17
少しの間、光属性ダメージを無効化。 闇ドロップの攻撃力を強化。,11,暗黒の結界,10,79,20
少しの間、闇属性ダメージを無効化。光ドロップの攻撃力を強化。,11,閃光の結界,10,78,20
少しの間、水属性ダメージを無効化。木ドロップの攻撃力を強化。,11,大地の結界,10,77,20
少しの間、火属性ダメージを無効化。水ドロップの攻撃力を強化。,11,激流の結界,10,76,20
少しの間、木属性ダメージを無効化。火ドロップの攻撃力を強化。,11,爆炎の結界,10,75,20
敵の攻撃頻度をかなりさげる（敵の攻撃までのターンを5ターン追加する）,20,威圧,6,74,25
敵の攻撃頻度をさげる（敵の攻撃までのターンを3ターン追加する）,10,威嚇,6,73,15
1ターンの間、敵の防御力を0にする。火ドロップの攻撃力を強化。,15,第三の目,8,72,22
5ターンの間、敵の防御力をかなり減少。5ターンの間、受けるダメージを少し減少。（5ターンの間、敵の防御力を1/4にする）,10,アーマーブレイク,8,71,17
少しの間、敵の防御力を半減させる（5ターンの間、敵の防御力を1/2にする）,6,ガードブレイク,10,70,15
少しの間、受けるダメージをかなり減らす（3ターンの間、敵からのダメージを1/4にする）,15,英龍の守り,6,69,20
しばらくの間、受けるダメージを半減する（5ターンの間、敵からのダメージを半減する）,15,鉄壁の構え,6,68,20
少しの間、受けるダメージを半減する（3ターンの間、敵からのダメージを半減する）,15,防御の構え,6,67,20
2ターンの間、闇属性の攻撃力を少し上げ、攻撃力×20倍の闇属性で攻撃する（闇属性の攻撃力を1.3倍にする）,9,ヘルブレス,22,15,30
2ターンの間、光属性の攻撃力を少し上げ、攻撃力×20倍の光属性で攻撃する（光属性の攻撃力を1.3倍にする）,9,ホーリーブレス,22,14,30
2ターンの間、木属性の攻撃力を少し上げ、攻撃力×20倍の木属性で攻撃する（木属性の攻撃力を1.3倍にする）,8,ガイアブレス,23,13,30
2ターンの間、水属性の攻撃力を少し上げ、攻撃力×20倍の水属性で攻撃する（水属性の攻撃力を1.3倍にする）,8,ブリザードブレス,23,12,30
2ターンの間、火属性の攻撃力を少し上げ、攻撃力×20倍の火属性で攻撃する（火属性の攻撃力を1.3倍にする）,8,マグマブレス,23,11,30
全ドロップを水、闇、回復ドロップに変化。自分以外の味方スキルが1ターン溜まる。,10,アビスダークリング,6,687,15
全ドロップを火、光、回復ドロップに変化。自分以外の味方スキルが1ターン溜まる。,10,シャインフレアリング,6,686,15
火、水ドロップをランダムで回復、毒ドロップに変化。3ターンの間、毒ドロップが少し落ちやすくなる。,6,ヘルズガーデン,11,685,16
全ドロップを火ドロップに変化。,16,破滅の炎海,15,683,30
全ドロップを火、水、光、闇、回復ドロップに変化。自分以外の味方スキルが1ターン溜まる。,11,悔いが残らない方を選べ,6,682,16
火ドロップを光ドロップに変化。2ターンの間、ドロップ操作時間を3秒延長。,10,心臓を捧げよ！,6,676,15
ランダムで水ドロップを4個生成。自分以外の味方スキルが1ターン溜まる。,7,何としてでも生きる！,6,674,12
ランダムで闇と回復ドロップを4個ずつ生成。自分以外の味方スキルが1ターン溜まる。,9,ツキガミノカイナ,6,666,14
闇ドロップを火に、光ドロップを水に変化。,7,ピエロの涙,6,665,12
光ドロップを毒ドロップに変化。敵全体を毒にする。,8,フィアーガス,11,664,18
闇ドロップを木に、火ドロップを光に変化。木と光ドロップをロック。,8,アースライトインパクト,11,651,18
全ドロップを水、木ドロップに変化。自分以外の味方スキルが2ターン溜まる。,14,継海召龍陣・水木,6,648,19
ランダムで光と闇を3個ずつ生成。自分以外の味方スキルが1ターン溜まる。,7,天地創造,6,647,12
ランダムで回復ドロップを4個生成。1ターンの間、回復力が2倍。,7,伝説の6枚翼,11,645,17
ランダムで水と回復ドロップを5個ずつ生成。水と回復ドロップをロック。,10,フリージングゾーン,11,644,20
全ドロップを火、水ドロップに変化。自分以外の味方スキルが2ターン溜まる。,14,三矢の教え,6,642,19
水ドロップを火に、光ドロップを回復に変化。火ドロップの攻撃力を強化。,8,真赤の十文字槍,6,640,13
火ドロップを闇に、水ドロップを回復に変化。闇ドロップの攻撃力を強化。,8,混迷の諜略,6,639,13
全ドロップを木、闇、回復ドロップに変化。自分以外の味方スキルが2ターン溜まる。,13,悲壮の刀気,6,638,18
ランダムで水と闇ドロップを3個ずつ生成。水と闇ドロップをロック。,5,フリーズロック,11,637,15
全ドロップを火、木、光、闇、回復ドロップに変化。自分以外の味方スキルが1ターン溜まる。,11,死神の円舞曲,5,635,15
ランダムで火ドロップを4個生成。自分以外の味方スキルが1ターン溜まる。,7,ローズフレア,11,634,17
最上段横1列を水ドロップに変化。自分以外の味方スキルが1ターン溜まる。,8,アクアチャージ,6,631,13
左端縦1列を闇ドロップに変化。自分以外の味方スキルが1ターン溜まる。,7,グラビティシグナル,6,630,12
左端縦1列を火ドロップに変化。自分以外の味方スキルが1ターン溜まる。,7,ブラストシグナル,6,629,12
右端縦1列を光ドロップに変化。自分以外の味方スキルが1ターン溜まる。,7,プラズマシグナル,6,628,12
最上段横1列を光ドロップに変化。自分以外の味方スキルが1ターン溜まる。,8,ライトニングチャージ,6,627,13
右端縦1列を水ドロップに変化。自分以外の味方スキルが1ターン溜まる。,7,ブリザードシグナル,6,625,12
最上段横1列を火ドロップに変化。自分以外の味方スキルが1ターン溜まる。,8,フレイムチャージ,6,624,13
最上段横1列を闇ドロップに変化。自分以外の味方スキルが1ターン溜まる。,8,ファントムチャージ,6,623,13
最上段横1列を木ドロップに変化。自分以外の味方スキルが1ターン溜まる。,8,ウィンドチャージ,6,622,13
毒と水ドロップを闇ドロップに変化。自分以外の味方スキルが1ターン溜まる。,7,転界逢龍舞・紫空,6,621,12
左端縦1列を木ドロップに変化。自分以外の味方スキルが1ターン溜まる。,7,トルネードシグナル,6,620,12
全ドロップを水、木、闇ドロップに変化。自分以外の味方スキルが1ターン溜まる。,9,青龍七星陣,5,617,13
ランダムで闇ドロップを2個生成。闇ドロップの攻撃力を強化。,5,悪魔龍の滅角,9,616,13
ランダムで光ドロップを2個生成。光ドロップの攻撃力を強化。,5,精霊龍の煌牙,9,615,13
右端縦1列を火ドロップに変化。自分以外の味方スキルが1ターン溜まる。,7,ボルシャック・ファイアー,6,613,12
最下段横1列を闇ドロップに変化。自分以外の味方スキルが1ターン溜まる。,8,魔弾ロマノフ・ストライク,6,612,13
毒と水ドロップを光ドロップに変化。自分以外の味方スキルが1ターン溜まる。,7,聖霊光,6,611,12
ランダムで木と回復ドロップを3個ずつ生成。自分以外の味方スキルが1ターン溜まる。,7,転界逢龍陣・翠命,6,604,12
ランダムで水と回復ドロップを3個ずつ生成。自分以外の味方スキルが1ターン溜まる。,7,転界逢龍陣・蒼命,6,603,12
ランダムで火と光ドロップを3個ずつ生成。自分以外の味方スキルが1ターン溜まる。,7,転界逢龍陣・紅陽,6,602,12
光ドロップを闇ドロップに変化。自分以外の味方スキルが1ターン溜まる。,7,デスゲイザー,16,600,22
闇ドロップを光ドロップに変化。自分以外の味方スキルが1ターン溜まる。,7,ホーリースター,16,599,22
全ドロップを火、水、闇ドロップに変化。自分以外の味方スキルが1ターン溜まる。,9,白虎七星陣,5,597,13
全ドロップを火、木、光ドロップに変化。自分以外の味方スキルが1ターン溜まる。,9,朱雀七星陣,5,595,13
ランダムで木ドロップを5個生成。,5,ロイヤルゲイル,6,586,10
ランダムで水ドロップを3個生成。,4,雲外蒼天の布石,11,585,14
水以外のドロップから回復ドロップを5個生成。,6,ディープスパイラル,6,584,11
光以外のドロップから回復ドロップを5個生成。,6,セイクリッドホーン,6,582,11
全ドロップを火、水、木、光、闇、回復に変化。HPを1000回復。,10,ギザールの野菜,2,581,11
回復とお邪魔ドロップを火ドロップに変化。自分以外の味方スキルが1ターン溜まる。,7,俺のそばから離れるな,6,572,12
右端縦1列を光ドロップに変化。自分以外の味方スキルが1ターン溜まる。,7,興味ないね,6,570,12
全ドロップを木、光、闇ドロップに変化。自分以外の味方スキルが1ターン溜まる。,9,玄武七星陣,5,562,13
全ドロップを火、水、木、闇、回復に変化。,10,純血の柱駒,5,545,14
全ドロップを火、光、回復ドロップに変化。,10,夢想火炎撃,5,546,14
全ドロップを火ドロップに変化。HPが1になるが、敵全体に火属性の超絶ダメージ。,15,真・天上大花火の術,6,541,20
水ドロップを回復ドロップに変化。回復ドロップを強化。,5,心癒の山風,5,538,9
全ドロップを火、光ドロップに変化。,12,グリモワールスフィア,8,537,19
全ドロップを火、木、闇ドロップに変化。,9,カオティックコール,6,536,14
全ドロップを火、水、闇、回復ドロップに変化。,11,サンセットゾーン,6,535,16
全ドロップを火、光、闇、回復ドロップに変化。,11,サンライズゾーン,6,534,16
ランダムで木ドロップを3個生成。,4,月花爛漫,11,532,14
全ドロップを木、光、闇、回復ドロップに変化。,11,スマイル,6,527,16
左端縦1列を光に、右端縦1列を闇ドロップに変化。1ターンの間、攻撃を受けると光属性で猛反撃。,8,オーバーリフレクション,6,525,13
回復ドロップを木ドロップに変化。バインド状態を2ターン回復。,6,龍撃態勢・木,6,524,11
回復ドロップを闇ドロップに変化。バインド状態を2ターン回復。,6,龍撃態勢・闇,6,523,11
お邪魔と水ドロップを火ドロップに変化。,6,鋼製の娥媚刺,6,522,11
十字型に光ドロップを生成。,11,奥義天翔十字鳳,6,521,16
ランダムでドロップを入れ替える。,6,聞け!わが魂の叫びを!!,6,520,11
敵1体に攻撃力×50倍の攻撃。ランダムで木と闇ドロップを2個ずつ生成。,5,奥義血粧嘴,6,519,10
毒と回復ドロップを水ドロップに変化。,6,てめえらの血は何色だ!,6,518,11
敵1体に攻撃力×30倍の攻撃。ランダムで光ドロップを7個生成。,10,地獄へつきおとしてやる,6,517,15
回復ドロップを火ドロップに変化。お邪魔と毒ドロップを闇ドロップに変化。,7,天に滅せい,6,514,12
全ドロップを火、水、木、闇ドロップに変化。,9,討魔の聖歌,6,511,14
ランダムで光ドロップを4個生成。,4,光導の聖歌,6,510,9
ランダムで木と闇ドロップを3個ずつ生成。,5,超力の聖歌,6,509,10
全ドロップを水、木、光、闇ドロップに変化。,9,神水の聖歌,6,508,14
光ドロップを回復ドロップに変化。,5,癒しの聖歌,6,507,10
ランダムで光ドロップを5個生成。,7,テールライトニング,9,506,15
ランダムで光ドロップを7個生成。,10,ドラゴンレーダー,6,502,15
ランダムで火と水のドロップを2個ずつ生成。火と水ドロップの攻撃力を強化。,9,SGカミカゼアタック,6,495,14
ランダムで水ドロップを2個生成。水ドロップの攻撃力を強化。,5,サモンアクア,6,493,10
ランダムで火ドロップを2個生成。火ドロップの攻撃力を強化。,5,サモンファイア,6,492,10
ランダムで木ドロップを2個生成。木ドロップの攻撃力を強化。,5,サモンツリー,6,491,10
ランダムで闇ドロップを3個生成。闇ドロップの攻撃力を強化。,6,サモンダーク,6,490,11
ランダムで光ドロップを3個生成。光ドロップの攻撃力を強化。,6,サモンライト,6,489,11
左端縦1列を木ドロップに変化。右端縦1列を光ドロップに変化。,8,廬山百龍覇,5,488,12
全ドロップを水、木、光、回復ドロップに変化。,11,サンダークロウ,6,487,16
闇とお邪魔ドロップを光ドロップに変化。,6,Sエクスティンクション,6,486,11
光ドロップを水に、回復ドロップを木に変化。1ターンの間、ドロップ操作時間を2秒延長。,8,アクアリーフプリズム,4,485,11
全ドロップを水、木、回復ドロップに変化。,9,時空調律陣・水木,6,476,14
全ドロップを火、木、回復ドロップに変化。,9,時空調律陣・木火,6,475,14
全ドロップを火、水、回復ドロップに変化。,9,時空調律陣・火水,6,474,14
左端縦1列を光ドロップに変化。右端縦1列を水ドロップに変化。,8,北極ブレース,5,467,12
全ドロップを火、水、光ドロップに変化。,9,ヒート・ビジョン,5,466,13
右端縦1列を木ドロップに変化。,4,フォレストサイン,6,461,9
左端縦1列を水ドロップに変化。,4,セレスティアルサイン,6,460,9
回復ドロップを闇ドロップに変化。バインド状態を1ターン回復。,6,ダークネスゾーン,6,459,11
回復ドロップを火ドロップに変化。1ターンの間、火属性の攻撃力が1.5倍。,12,コロナブラスト,6,458,17
全ドロップを火、木ドロップに変化。,12,お怒りニャ！,5,449,16
全ドロップを火、水、光、回復ドロップに変化。,11,音なき不意打ちニャ！,5,446,15
全ドロップを火、水、木、光、闇、回復ドロップに変化させる,7,オールドロップチェンジ,6,442,12
全ドロップを火、水、木、光、闇ドロップに変化。,7,五色の秘術,6,441,12
右端の縦1列を闇ドロップに変化させる,5,ダークスペル,5,438,9
左端の縦1列を光ドロップに変化させる,5,ライトスペル,5,437,9
最下段横1列を木ドロップに変化。,5,ツリースペル,5,436,9
最下段横1列を水ドロップに変化。,5,アクアスペル,5,435,9
最下段横1列を火ドロップに変化。,5,ファイアスペル,5,434,9
左端縦1列を回復ドロップに変化。,7,お菓子光線,9,430,15
全ドロップを水ドロップに変化させる,16,マーキュリージェネシス,15,419,30
回復ドロップを木ドロップに変化。バインド状態を2ターン回復。,6,木星創世,5,414,10
お邪魔と毒ドロップを回復ドロップに変化。,5,ネロフェイス,5,410,9
お邪魔ドロップを闇ドロップに変化させる,6,ブラック戒律発動,11,409,16
全ドロップを光、闇、回復ドロップに変化。自分以外の味方スキルが1ターン溜まる。,10,ラストジャッジメント,7,403,16
回復ドロップを光ドロップに変化。 バインド状態を2ターン回復。,6,龍撃態勢・光,6,401,11
回復ドロップを水ドロップに変化。バインド状態を2ターン回復。,6,龍撃態勢・水,6,400,11
回復ドロップを火ドロップに変化。バインド状態を2ターン回復。,6,龍撃態勢・火,6,399,11
水ドロップを回復ドロップに変化させ、1ターンの間、攻撃が全体攻撃になる,8,シリウスの輝き,9,390,16
木ドロップを回復ドロップに変化。バインド状態を3ターン回復。,6,守護魔法・闇,6,388,11
水ドロップを回復ドロップに変化。バインド状態を3ターン回復。,6,守護魔法・光,6,387,11
火ドロップを回復ドロップに変化。バインド状態を3ターン回復。,6,守護魔法・木,6,386,11
木ドロップを回復ドロップに変化。バインド状態を3ターン回復。,6,守護魔法・水,6,385,11
水ドロップを回復ドロップに変化。バインド状態を3ターン回復。,6,守護魔法・火,6,384,11
回復ドロップを光に、闇ドロップを回復に変化させる,8,黄金の杖,5,379,12
ランダムでドロップを入れ替える。,6,マッハキック,6,357,11
毒と回復ドロップを火ドロップに変化。HPを3000回復。,6,首尾一貫の剛毅,7,335,12
毒と回復ドロップを木ドロップに変化。HPを3000回復。,6,不撓不屈の信義,7,334,12
闇ドロップを光に、火ドロップを回復に変化。,8,則天去私の献身,6,332,13
闇ドロップと回復ドロップを木ドロップに変化。HPを3000回復。,10,捲土重来の引導,6,331,15
闇と回復ドロップを火ドロップに変化。自分以外の味方スキルが1ターン溜まる。,9,全艦、緊急発進！,8,321,16
火ドロップと水ドロップを回復ドロップに変化させる,7,おやつの時間だよ！,5,313,11
ランダムでドロップを入れ替える,6,おしりぺんぺん！,5,312,10
全ドロップを木、光ドロップに変化させる,12,オーバードガイア,8,306,19
回復ドロップを毒ドロップに変化させ、1ターンの間ドラゴンタイプの攻撃力を2倍にする,7,バーサーク,6,305,12
木ドロップと回復ドロップを火ドロップに変化させる,9,ウルトラヒートアップ,8,301,16
全ドロップを水、闇ドロップに変化させる,12,継界召龍陣・水闇,8,281,19
火ドロップを回復ドロップに変化させ、HPを3000回復する,6,ブルーベリーシャワー,8,279,13
光ドロップを回復ドロップに変化させ、HPを3000回復する,6,グレープシャワー,8,278,13
水ドロップを回復ドロップに変化させ、HPを3000回復する,6,メロンシャワー,8,277,13
木ドロップを回復ドロップに変化させ、HPを3000回復する,6,ストロベリーシャワー,8,276,13
闇ドロップを回復ドロップに変化させ、HPを3000回復する,6,レモンシャワー,8,275,13
木ドロップを闇に、光ドロップを回復に変化させる,8,秘密の箱,6,274,13
水ドロップを光に、闇ドロップを回復に変化させる,8,如意棒,6,273,13
水ドロップを木に、火ドロップを回復に変化させる,8,碧星の剛剣,6,272,13
火ドロップを水に、光ドロップを回復に変化させる,8,蒼聖の鎖,6,271,13
木ドロップを火に、闇ドロップを回復に変化させる,8,草薙の剣,6,270,13
木ドロップを毒ドロップに変化。1ターンの間、敵の防御力を半減。,6,モルボル菌,6,267,11
全ドロップを木、闇ドロップに変化させる,12,継界召龍陣・木闇,8,261,19
全ドロップを火、闇ドロップに変化させる,12,継界召龍陣・火闇,8,260,19
火ドロップを木に、闇ドロップを回復に変化させる,8,ほほえみの掌,6,237,13
闇ドロップを水に、木ドロップを回復に変化させる,8,きときと,6,236,13
火ドロップを水に、回復ドロップを木に変化させる,8,山海の秘儀,4,229,11
全ドロップを木、光、闇ドロップに変化させる,9,北方七星陣,6,215,14
全ドロップを水、木、闇ドロップに変化させる,9,東方七星陣,6,214,14
全ドロップを火、木、光ドロップに変化させる,9,南方七星陣,6,213,14
全ドロップを火、水、闇ドロップに変化させる,9,西方七星陣,6,212,14
全ドロップを木ドロップに変化させる,16,ジュピタージェネシス,15,199,30
木ドロップを水に、回復ドロップを闇に変化。,7,逃げちゃダメだ,6,194,12
光ドロップを木に、回復ドロップを光に変化。,7,神羅万象,6,184,12
全ドロップを回復ドロップに変化させる,16,神癒の奇跡,8,179,23
光ドロップを木に、闇ドロップを回復に変化。回復ドロップを強化。,8,聖樹の奇跡,6,178,13
光ドロップを水に、闇ドロップを回復に変化。回復ドロップを強化。,8,聖氷の奇跡,6,177,13
光ドロップを火に、闇ドロップを回復に変化。回復ドロップを強化。,8,聖炎の奇跡,6,176,13
ランダムでドロップを入れ替える,10,ドロイドダンス,1,168,10
全ドロップを火ドロップに変化させる,16,天上大花火の術,15,163,30
光と回復ドロップを闇ドロップに変化。,8,ダブル攻撃態勢・闇,9,162,16
闇と回復ドロップを光ドロップに変化。,8,ダブル攻撃態勢・光,9,161,16
火と回復ドロップを木ドロップに変化。,8,ダブル攻撃態勢・木,9,160,16
木と回復ドロップを水ドロップに変化。,8,ダブル攻撃態勢・水,9,159,16
水と回復ドロップを火ドロップに変化。,8,ダブル攻撃態勢・火,9,158,16
火ドロップを闇ドロップに変化させる,5,業炎変化の術・闇,5,157,9
木ドロップを光ドロップに変化させる,5,風雷変化の術・光,5,156,9
水ドロップを木ドロップに変化させる,5,流水変化の術・木,5,155,9
闇ドロップを水ドロップに変化させる,5,暗黒変化の術・水,5,154,9
光ドロップを火ドロップに変化させる,5,暁光変化の術・火,5,153,9
火ドロップと光ドロップを回復ドロップに変化させる,7,ダブル防御態勢・闇,6,117,12
木ドロップと闇ドロップを回復ドロップに変化させる,7,ダブル防御態勢・光,6,116,12
水ドロップと光ドロップを回復ドロップに変化させる,7,ダブル防御態勢・木,6,115,12
火ドロップと闇ドロップを回復ドロップに変化させる,7,ダブル防御態勢・水,6,114,12
木ドロップと光ドロップを回復ドロップに変化させる,7,ダブル防御態勢・火,6,113,12
光ドロップを闇に、回復ドロップを光に変化。,7,ダブルドロップ変化・闇光,7,107,13
闇ドロップを光に、回復ドロップを闇に変化。,7,ダブルドロップ変化・光闇,7,106,13
水ドロップを木に、回復ドロップを水に変化。,7,ダブルドロップ変化・木水,7,105,13
火ドロップを水に、回復ドロップを火に変化。,7,ダブルドロップ変化・水火,7,104,13
木ドロップを火に、回復ドロップを木に変化。,7,ダブルドロップ変化・火木,7,103,13
光ドロップを闇ドロップに変化させる,5,ドロップ変化・闇,5,102,9
闇ドロップを光ドロップに変化させる,5,ドロップ変化・光,5,101,9
火ドロップを木ドロップに変化させる,5,ドロップ変化・木,5,100,9
木ドロップを水ドロップに変化させる,5,ドロップ変化・水,5,99,9
水ドロップを火ドロップに変化させる,5,ドロップ変化・火,5,98,9
ランダムでドロップを入れ替える（ドロップが揃った場合はこちらのターンのみ進み、攻撃や回復も通常通り行われる）,6,ドロップリフレッシュ,7,97,12
光ドロップを回復ドロップに変化。,5,防御態勢・闇,7,96,11
闇ドロップを回復ドロップに変化。,5,防御態勢・光,7,95,11
水ドロップを回復ドロップに変化。,5,防御態勢・木,7,94,11
火ドロップを回復ドロップに変化。,5,防御態勢・水,7,93,11
木ドロップを回復ドロップに変化。,5,防御態勢・火,7,92,11
回復ドロップを闇ドロップに変化させる,5,攻撃態勢・闇,7,91,11
回復ドロップを光ドロップに変化させる,5,攻撃態勢・光,7,90,11
回復ドロップを木ドロップに変化させる,5,攻撃態勢・木,7,89,11
回復ドロップを水ドロップに変化させる,5,攻撃態勢・水,7,88,11
回復ドロップを火ドロップに変化させる,5,攻撃態勢・火,7,87,11
敵全体に攻撃力×100倍の火属性攻撃。敵の攻撃頻度がほんの少し低下。,15,圧倒的な恐怖,11,673,25
敵1体に攻撃力×150倍の木属性攻撃。3ターンの間、敵の防御力を半減。,15,無慈悲なタックル,11,672,25
HPが1になるが、敵1体に攻撃力×50倍の光属性攻撃。1ターンの間、攻撃タイプの攻撃力が1.5倍。,10,強力なハイキック,11,671,20
敵のHPが20%減少。バインド状態を3ターン回復。,10,麒麟乱舞,5,668,14
敵全体に攻撃力×50倍の水属性攻撃。6ターンの間、体力タイプの攻撃力がほんの少し上昇。,6,ヴィークエンハンス,11,667,16
敵全体に100の固定ダメージ。,5,ブッブブー！,7,663,11
敵1体に攻撃力×30倍の攻撃。2ターンの間、体力とドラゴンタイプの攻撃力が2倍。,13,放電するニャ！,6,662,18
敵1体に攻撃力×30倍の攻撃。2ターンの間、攻撃とドラゴンタイプの攻撃力が2倍。,13,尻尾攻撃ニャ！,6,661,18
敵全体に攻撃力×10倍の闇属性攻撃。,2,デモンスラッシュ,5,656,6
敵全体を超絶毒にする。自分以外の味方スキルが2ターン溜まる。,16,ヒュドラホーン,6,643,21
敵1体に攻撃力×100倍の光属性攻撃。全ドロップを火、木、光、回復ドロップに変化。,11,オレが会長の遺志を継ぐ,2,636,12
敵1体に攻撃力×30倍の水属性攻撃。全ドロップを火、水、光、闇ドロップに変化。,12,四水の宝杖,16,618,27
敵のHPが30%減少。,15,ロイヤルグラビティ,11,606,25
敵1体に攻撃力×10倍の攻撃。1ターンの間、マシンタイプの攻撃力が1.5倍。,11,アイ、アイサー！,1,605,11
敵全体に攻撃力×10倍の火属性攻撃。,2,傾国神炎,5,590,6
敵1体に99の固定ダメージ,2,ヘルファング,6,583,7
敵全体に攻撃力×50倍の光属性攻撃。敵の攻撃頻度がほんの少し低下。,12,グランドクロス,8,568,19
敵全体に攻撃力×200倍の闇属性攻撃。自分以外の味方スキルが1ターン溜まる。,20,ビッグバーン,11,567,30
敵全体に攻撃力×50倍の木属性攻撃。自分以外の味方スキルが1ターン溜まる。,15,波動砲,11,566,25
敵全体に攻撃力×50倍の水属性攻撃。自分以外の味方スキルが1ターン溜まる。,15,隕石,11,565,25
敵全体に攻撃力×50倍の闇属性攻撃。自分以外の味方スキルが1ターン溜まる。,15,絶無の魂,11,564,25
敵1体に攻撃力×250倍の闇属性攻撃。自分以外の味方スキルが1ターン溜まる。,20,ハイパードライブ,11,563,30
敵全体に77777の固定ダメージ。1ターンの間、ドロップ操作時間を3秒延長。,7,サンバーストナックル,5,556,11
敵1体に6666固定ダメージ。1ターンの間、ドロップ操作時間を2秒延長。,6,ミスティックレーザー,11,555,16
敵全体に攻撃力x50倍の火属性攻撃。1ターンの間、火と水属性の攻撃力が2倍。,15,超神羅・灼炎神滅覇,6,553,20
敵全体に攻撃力×50倍の木属性攻撃。1ターンの間、木と光属性の攻撃力が2倍。,15,超神羅・聖龍神滅覇,6,554,20
敵全体に攻撃力×50倍の火属性攻撃。1ターンの間、火と闇属性の攻撃力が2倍。,15,超神羅・叢雲神滅覇,6,552,20
敵全体に攻撃力×50倍の闇属性攻撃。1ターンの間、闇と光属性の攻撃力が2倍。,15,超神羅・終極神滅覇,6,551,20
敵全体に攻撃力×50倍の光属性攻撃。1ターンの間、光と水属性の攻撃力が2倍。,15,超神羅・鬼吼神滅覇,6,550,20
敵全体に攻撃力×50倍の光属性攻撃。1ターンの間、ドラゴンタイプの攻撃力が2倍。,9,超神羅・光龍神滅覇,6,549,14
敵全体に攻撃力×50倍の闇属性攻撃。1ターンの間、闇と木属性の攻撃力が2倍。,15,超神羅・聖魔神滅覇,6,548,20
敵1体に攻撃力×200倍の火属性攻撃。,18,二天双極・鬼炎斬,11,543,28
敵1体に10万の固定ダメージ。敵の攻撃頻度がほんの少し低下。,9,超ベジットソード,6,542,14
敵1体に攻撃力×30倍の攻撃。2ターンの間、攻撃とドラゴンタイプの攻撃力が2倍。,13,があっ!!!!!,6,540,18
敵全体に攻撃力×2倍の水属性攻撃。,1,プチコールドブレス,2,531,2
敵全体に攻撃力×2倍の木属性攻撃。,1,プチウィンドブレス,2,530,2
敵全体に攻撃力×2倍の火属性攻撃。,1,プチヒートブレス,2,529,2
敵のHPを45%減らす。,23,ゴッドグラビティ,16,526,38
敵1体に攻撃力×10倍の攻撃。1ターンの間、悪魔タイプの攻撃力が1.5倍。,11,BEAMSデビーム,1,501,11
敵1体に攻撃力×200倍の光属性攻撃。,18,最高の技,6,498,23
敵全体に攻撃力×40倍の闇属性攻撃。全ドロップを火、木、闇ドロップに変化。,11,ダブル気功波,6,497,16
敵のHPを25%減らす。1ターンの間、ドロップ操作時間を5秒延長。,13,グラビティワールド,5,494,17
敵のHPを10%減らす。水ドロップの攻撃力を強化。,8,フリージンググラビティ,7,483,14
敵のHPを25%減らす。,15,北斗剛掌波デビ〜！,1,482,15
敵全体に1000の固定ダメージ,6,1000日記念たまぁ！,1,481,6
敵全体に8000の固定ダメージ。,9,オメガ・サンクション,11,473,19
敵1体に攻撃力×30倍の攻撃。1ターンの間、バランスタイプの攻撃力が2倍。,8,バタラング・ブリッツ,6,471,13
敵1体に攻撃力×30倍の攻撃。1ターンの間、攻撃タイプの攻撃力が2倍。,8,無限質量パンチ,6,470,13
敵1体に攻撃力×30倍の攻撃。1ターンの間、体力タイプの攻撃力が2倍。,8,アトランティスの銛,6,468,13
攻撃力×20倍の闇属性攻撃。2ターンの間、ドラゴンタイプの攻撃力が少し上昇。,10,ディープシャドーブレス,11,465,20
攻撃力×20倍の光属性攻撃。2ターンの間、ドラゴンタイプの攻撃力が少し上昇。,10,ギガボルトブレス,11,464,20
敵のHPを25%減少。,13,ヘブンスプラッシュ,6,462,18
敵1体に攻撃力×30倍の攻撃。1ターンの間、体力タイプの攻撃力が2.5倍。,10,イービルクレスト,6,457,15
敵1体に攻撃力×30倍の攻撃。1ターンの間、回復タイプの攻撃力が2.5倍。,10,ホーリークレスト,6,456,15
敵1体に攻撃力×30倍の攻撃。1ターンの間、バランスタイプの攻撃力が2.5倍。,10,グリーンクレスト,6,455,15
敵1体に攻撃力×30倍の攻撃。1ターンの間、神タイプの攻撃力が2.5倍。,10,ブルークレスト,6,454,15
敵1体に攻撃力×30倍の攻撃。1ターンの間、攻撃タイプの攻撃力が2.5倍。,10,レッドクレスト,6,453,15
敵全体に攻撃力×40倍の光属性攻撃。回復とお邪魔ドロップを光ドロップに変化。,7,スターライトブレス,11,451,17
敵1体に攻撃力×40倍の光属性攻撃。光ドロップの攻撃力を強化。,10,素早い攻撃ニャ！,11,445,20
敵のHPを10%減らし、お邪魔と毒ドロップを回復ドロップに変化させる,8,グラビティルーム,5,440,12
敵1体に10000の固定ダメージ。,10,暗黒魔界の炎,11,433,20
敵1体に攻撃力×100倍の攻撃。木と闇ドロップの攻撃力を強化。,9,超級かめはめ波,7,432,15
敵1体に攻撃力×80倍の闇属性攻撃。,14,スナイプショット,16,427,29
敵1体に攻撃力×30倍の水属性で攻撃し、全ドロップを水、木、光ドロップに変化させる,11,パワーブリッツ,5,426,15
敵1体に攻撃力×30倍の木属性で攻撃し、木ドロップの攻撃力を強化する,7,ロケットパンチ,5,425,11
敵1体に攻撃力×250倍の火属性で攻撃する,20,エネルギーボール,5,424,24
敵1体に攻撃力×80倍の攻撃をし、回復ドロップを木ドロップに変化させる,8,超爆裂魔破,7,423,14
敵全体に攻撃力×10倍の闇属性で攻撃し、バインド状態を3ターン回復する,7,夢幻の霊剣,11,418,17
敵1体に攻撃力×200倍の火属性攻撃をする,18,超悪魔の魔炎,5,416,22
敵のHPを30%減らす。HPを7000回復。,17,ヒレフセーッ！,8,415,24
敵1体に攻撃力×50倍の木属性で攻撃し、HPがちょっと回復する,12,超遠距離撃破パワー砲,5,411,16
敵全体に攻撃力×10倍の光属性で攻撃し、2ターンの間、回復力が2倍になる,10,聖女の号令,11,408,20
敵1体に攻撃力×8倍の光属性で攻撃し、ダメージの50%HP回復。,8,ソウルドレイン,11,405,18
敵1体に攻撃力×20倍の木属性で攻撃し、HPを少し回復する,13,風雲の神剣,11,404,23
HPが1になるが、敵1体に攻撃力×200倍の水属性攻撃。全ドロップを水ドロップに変化。,15,蒼茫の来光,16,383,30
敵全体に攻撃力×10倍の水属性で攻撃し、猛毒にする,15,誘惑の毒牙,11,389,25
敵1体に攻撃力×50倍の光属性で攻撃し、回復ドロップを光ドロップに変化させる,7,ペガサス彗星拳,6,380,12
敵1体に攻撃力×50倍の火属性攻撃。HPを5000回復、バインド状態を5ターン回復。,9,鳳翼天翔,5,378,13
敵1体に攻撃力×30倍の火属性で攻撃し、2ターンの間、回復タイプの攻撃力が2倍になる,10,ネビュラチェーン,5,377,14
2ターンの間、ドラゴンタイプの攻撃力が2倍になり、敵1体に攻撃力×30倍で攻撃するがHPが1になる,9,廬山昇龍覇,5,376,13
敵1体に攻撃力×30倍の水属性で攻撃し、2ターンの間、バランスタイプの攻撃力が2倍になる,10,ダイヤモンドダスト,5,375,14
敵1体に攻撃力×30倍の光属性で攻撃し、2ターンの間、攻撃が全体攻撃になる,7,ペガサス流星拳,5,374,11
敵全体に攻撃力×20倍の攻撃。2ターンの間、攻撃が全体攻撃になる。,9,繰気弾,5,369,13
敵1体に攻撃力×200倍の闇攻撃をする,18,魔貫光殺砲,5,367,22
敵1体に攻撃力×80倍の攻撃。木ドロップを水ドロップに変化。,8,必殺剣,7,366,14
敵1体に攻撃力×80倍の攻撃。火ドロップを闇ドロップに変化。,9,ファイナルフラッシュ,6,365,14
敵1体に攻撃力×100倍の攻撃。水ドロップの攻撃力を強化。,7,超かめはめ波,8,364,14
HPが1になるが、敵1体に攻撃力×80倍の木属性攻撃。,20,自爆,16,361,35
敵1体に攻撃力×30倍の攻撃。毒ドロップを回復ドロップに変化。,10,ミルキーキャノン,8,360,17
敵のHPを25%減らす。,15,デスボール,11,354,25
敵のHPを10%減らす,10,いじわる,1,350,10
敵1体に攻撃力×20倍の火属性で攻撃し、与えたダメージの半分だけHPを回復する,13,ミラージュフレア,6,345,18
攻撃力×20倍の闇属性で攻撃し、HPを1000回復する,10,ダークシードブレス,11,339,20
敵1体に攻撃力×10倍の闇属性で攻撃し、与えたダメージ分のHPを回復。,10,龍力解放の呪焔,11,338,20
攻撃力×20倍の光属性で攻撃し、HPを1000回復する,10,シャインシードブレス,11,336,20
攻撃力×20倍の木属性で攻撃し、HPを1000回復する,10,ウィンドシードブレス,11,327,20
攻撃力×20倍の水属性で攻撃し、HPを1000回復する,10,アクアシードブレス,11,323,20
攻撃力×20倍の火属性で攻撃し、HPを1000回復する,10,フレイムシードブレス,11,320,20
敵1体に攻撃力×7倍の水属性で攻撃し、与えたダメージの分だけHPを回復する,8,魔槍ぐんぐにーるニャ！,5,318,12
敵全体に闇属性のランダムダメージ。,5,ラッキー？リボン,16,316,20
敵1体に攻撃力×2倍の攻撃、ダメージ分のHPを回復。,3,けろけろアターック！,5,309,7
2ターンの間、ドラゴンタイプの攻撃力を少し上げ、さらに攻撃力×20倍の水属性で攻撃する,10,エクスフリーズブレス,11,300,20
2ターンの間、ドラゴンタイプの攻撃力を少し上げ、さらに攻撃力×20倍の火属性で攻撃する,10,ヘルファイヤブレス,11,299,20
1ターンの間、受けるダメージを軽減。 敵1体に攻撃力×20倍の光属性攻撃。（受けるダメージを30%減らす）,5,金海龍の砲撃,14,298,18
敵全体に攻撃力×50倍の闇属性で攻撃し、超猛毒にする（超猛毒状態の敵は使用したモンスターの攻撃力×10のダメージを毎ターン受ける(防御無視)）,15,滅槍グングニール,6,297,20
1ターンの間、受けるダメージを軽減。 敵1体に攻撃力×20倍の闇属性攻撃。（受けるダメージを30%減らす）,5,黒海龍の砲撃,14,296,18
敵1体に自分の攻撃力×30倍の闇属性攻撃,13,ダークネスギフト,1,295,13
敵1体に自分の攻撃力×30倍の光属性攻撃,13,ホーリーギフト,1,294,13
残りHPが少ないほど大ダメージを与える,7,“怨”,5,293,11
1ターンの間、敵の防御力を少しダウンさせ、さらに敵1体に攻撃力×30倍の攻撃をする,4,一握りの火薬,5,292,8
敵全体に10000の固定ダメージ。敵の攻撃頻度がほんの少し低下。,9,落雷,5,285,13
敵1体に10万の固定ダメージ。敵の攻撃頻度がほんの少し低下。,9,ジャジャン拳・グー,5,284,13
1ターンの間、神タイプの攻撃力を少し上げ、敵全体に攻撃力×30倍の攻撃をする,13,王の一手,10,282,22
2ターンの間、ドラゴンタイプの攻撃力を少し上げ、攻撃力×20倍の木属性で攻撃する（ドラゴンタイプの攻撃力を1.3倍にする）,10,ハードミストラルブレス,11,269,20
1ターンの間、受けるダメージを軽減。 敵1体に攻撃力×20倍の木属性攻撃。（受けるダメージを30%減らす）,5,碧海龍の砲撃,14,268,18
1ターンの間、受けるダメージを軽減。 敵1体に攻撃力×20倍の水属性攻撃。（受けるダメージを30%減らす）,5,蒼海龍の砲撃,14,264,18
1ターンの間、受けるダメージを軽減。 敵1体に攻撃力×20倍の火属性攻撃。（受けるダメージを30%減らす）,5,紅海龍の砲撃,14,259,18
敵全体にランダムダメージ。ランダムで火ドロップを5個生成。,10,ナインライブス,6,254,15
敵のHPを20%減らす,12,ダーク・ブラスター,11,251,22
敵1体に攻撃力×5倍の木属性で攻撃し、与えたダメージの分だけHPを回復する（敵1体に自分の攻撃力×5倍で攻撃し、HPが回復する）,8,ぐんぐにーるニャ！,5,249,12
敵全体に10000の固定ダメージ。2ターンの間、火と闇属性の攻撃力が1.5倍。,12,一撃離脱ニャ！,6,245,17
闇属性のモンスターに大ダメージ攻撃（闇属性のモンスターに35000ダメージ(実質70000ダメージ)）,10,サンダーストライク,6,238,15
敵全体にランダムダメージ,10,ブレイズブレス,11,235,20
敵1体に自分の攻撃力×150倍の光属性攻撃。自分以外の味方スキルが1ターン溜まる。,15,スイーツシュート改,6,233,20
HPが1になるが、敵1体に攻撃力×300倍の攻撃。ランダムで闇ドロップを3個生成。,20,ワールドエンド,16,182,35
2ターンの間、体力タイプの攻撃力を少し上げ、攻撃力×30倍の火属性で攻撃する（体力タイプの攻撃力を1.3倍にする）,10,火焔の息吹,10,181,19
光属性モンスターに超ダメージで攻撃。闇ドロップの攻撃力を強化。（光属性のモンスターに150000ダメージ(実質300000ダメージ)）,5,イビルノヴァ,16,180,20
HPが1になるが、敵1体に攻撃力×200倍の闇属性攻撃。ランダムで回復ドロップを3個生成。,15,明けの明星,16,175,30
敵全体にランダムダメージ,15,ドドンがドン！,16,170,30
闇属性の特大ダメージで攻撃する（敵全体に闇属性の25000ダメージ）,4,カースボール,6,169,9
光属性の特大ダメージで攻撃する（敵全体に光属性の25000ダメージ）,4,プラズマボール,6,167,9
敵一体に攻撃力×40倍の光属性攻撃。,15,チョコアタック,1,165,15
敵1体に攻撃力×20倍で攻撃し、HPがちょっと回復する（回復量は与えたダメージの1/20）,15,影抜きの術,11,164,25
木属性の特大ダメージで攻撃する（敵全体に木属性の25000ダメージ）,3,プラントボール,7,152,9
水属性の特大ダメージで攻撃する（敵全体に水属性の25000ダメージ）,3,スプラッシュボール,7,151,9
敵一体に自分の攻撃力×30倍の光属性攻撃,15,スイーツシュート,6,150,20
火属性の特大ダメージで攻撃する（敵全体に火属性の25000ダメージ）,3,ブレイズボール,7,149,9
敵一体に自分の攻撃力×30倍の木属性攻撃,13,プラントギフト,1,148,13
敵一体に自分の攻撃力×30倍の水属性攻撃,13,アイシクルギフト,1,147,13
敵一体に自分の攻撃力×30倍の火属性攻撃,13,フレイムギフト,1,146,13
敵1体に攻撃力×30倍の火属性攻撃。ランダムで火ドロップを4個生成。,7,サイドワインダー,6,142,12
敵全体に832の固定ダメージ,12,ファミ通Appの大激怒,1,139,12
敵1体にランダムダメージ。ランダムで闇ドロップを3個生成。,4,シャッフルショット,7,136,10
敵全体に7777の固定ダメージ。,7,ソーラーレーザー,8,135,14
敵1体に攻撃力×50倍の闇属性で攻撃、 HPを少し回復。水ドロップの攻撃力を強化。（与えたダメージの15%回復）,12,魔槍グングニール,6,134,17
敵全体に9999の固定ダメージ。（敵全体に防御無視の9999ダメージを与える）,10,メガフレア,11,133,20
敵のHPを15%減らす。,15,包丁,11,132,25
敵全体を猛毒にする。（猛毒状態の敵は使用したモンスターの攻撃力×2のダメージを毎ターン受ける(防御無視)）,15,くさい息,6,131,20
敵全体に水属性の超絶ダメージ攻撃。敵の攻撃頻度がほんの少し低下。（敵全体に水属性の40000ダメージ）,8,ブリザガ,6,127,13
残りHPが少ないほど敵全体に火属性の大ダメージ。ランダムで火ドロップを3個生成。（HP満タン時：攻撃力×10倍 〜HP1時：攻撃力×150倍）,7,いかりのいちげき,9,124,15
敵1体に水属性のランダムダメージ。1ターンの間、体力タイプの攻撃力が1.5倍。（敵1体に1～50倍?のダメージ）,8,ジャンプ,6,123,13
4ターンの間、闇属性の攻撃力を少し上げ、攻撃力×40倍の闇属性で攻撃する（闇属性の攻撃力を1.3倍にする）,12,ゴッドヘルブレス,12,112,23
4ターンの間、光属性の攻撃力を少し上げ、攻撃力×40倍の光属性で攻撃する（光属性の攻撃力を1.3倍にする）,12,ゴッドホーリーブレス,12,111,23
4ターンの間、木属性の攻撃力を少し上げ、攻撃力×40倍の木属性で攻撃する（木属性の攻撃力を1.3倍にする）,11,ゴッドガイアブレス,13,110,23
4ターンの間、水属性の攻撃力を少し上げ、攻撃力×40倍の水属性で攻撃する（水属性の攻撃力を1.3倍にする）,11,ゴッドブリザードブレス,13,109,23
4ターンの間、火属性の攻撃力を少し上げ、攻撃力×40倍の火属性で攻撃する（火属性の攻撃力を1.3倍にする）,11,ゴッドマグマブレス,13,108,23
敵1体に攻撃力×20倍で攻撃し、ダメージの50%HP回復。水ドロップの攻撃力を強化。,13,吸魔の光,11,65,23
1ターンの間、神タイプの攻撃力を1.5倍にし、敵全体を超猛毒にする（超猛毒状態の敵は使用したモンスターの攻撃力×10のダメージを毎ターン受ける(防御無視)）,15,ヒュドラの毒,6,58,20
敵全体を猛毒にする（猛毒状態の敵は使用したモンスターの攻撃力×2のダメージを毎ターン受ける(防御無視)）,15,猛毒の霧,6,57,20
1ターンの間、悪魔タイプの攻撃力が1.5倍になり、敵全体を毒にする,10,毒の霧,6,56,15
敵のHPを35%減らす,20,ラース・オブ・ゴッド,16,55,35
敵のHPを30%減らす,15,ギガグラビティ,16,54,30
敵のHPを15%減らす,15,グラビティ,11,53,25
832ダメージの光属性攻撃,3,ファミ通Appの怒り,1,52,3
敵1体に攻撃力×50倍の光属性で攻撃、 HPをちょっと回復。（与えたダメージの10%回復）,9,グングニール,9,51,17
火属性のモンスターに特大ダメージで攻撃し、水ドロップの攻撃力を強化する（火属性のモンスターに水属性の75000ダメージ(実質150000ダメージ)）,5,フリーズバースト,11,50,15
木属性のモンスターに特大ダメージで攻撃し、火ドロップの攻撃力を強化する（木属性のモンスターに火属性の75000ダメージ(実質150000ダメージ)）,5,フレイムバースト,11,49,15
水属性のモンスターに大ダメージ攻撃（水属性のモンスターに35000ダメージ(実質70000ダメージ)）,10,ロックストライク,6,48,15
火属性のモンスターに大ダメージ攻撃（火属性のモンスターに35000ダメージ(実質70000ダメージ)）,10,フリーズストライク,6,47,15
木属性のモンスターに大ダメージ攻撃（木属性のモンスターに35000ダメージ(実質70000ダメージ)）,10,フレイムストライク,6,46,15
残りHPが少ないほど大ダメージを与え、1ターンの間、闇属性の攻撃力が1.5倍になる（HP満タン時：攻撃力×10倍〜HP1時：攻撃力×150倍）,7,恨みの一撃,9,45,15
1ターンの間、敵の防御力を半減させ、敵1体に攻撃力×10倍の攻撃をする（敵の防御力を半分にする）,3,クイックボム,8,44,10
2ターンの間、敵の防御力を激減。敵一体に攻撃力×50倍の攻撃。（敵の防御力を1/4にする）,10,バーストボム,16,43,25
敵1体に自分の攻撃力×15倍の攻撃,10,エナジーボム,21,42,30
1ターンの間、敵の防御力を減らし、敵一体に攻撃力×10倍の攻撃をする（敵の防御力を25%下げる）,5,ボム,26,41,30
闇属性の超絶ダメージで攻撃し、闇ドロップの攻撃力を強化する（敵全体に闇属性の30000ダメージ）,13,グラビティカノン,8,40,20
光属性の超絶ダメージで攻撃し、光ドロップの攻撃力を強化する（敵全体に光属性の30000ダメージ）,13,プラズマカノン,8,39,20
木属性の超絶ダメージで攻撃し、木ドロップの攻撃力を強化する（敵全体に木属性の30000ダメージ）,12,トルネードカノン,9,38,20
水属性の超絶ダメージで攻撃し、水ドロップの攻撃力を強化する（敵全体に水属性の30000ダメージ）,12,ブリザードカノン,9,37,20
火属性の超絶ダメージで攻撃し、火ドロップの攻撃力を強化する（敵全体に火属性の30000ダメージ）,12,ブラストカノン,9,36,20
闇属性の特大ダメージ攻撃。水ドロップを闇ドロップに変化。（敵全体に闇属性の20000ダメージ）,8,ヘルボール,8,35,15
光属性の特大ダメージ攻撃。水ドロップを光ドロップに変化。（敵全体に光属性の20000ダメージ）,8,ホーリーボール,8,34,15
木属性の特大ダメージ攻撃。闇ドロップを木ドロップに変化。（敵全体に木属性の20000ダメージ）,8,ガイアボール,8,33,15
水属性の特大ダメージ攻撃。光ドロップを水ドロップに変化。（敵全体に水属性の20000ダメージ）,8,ブリザードボール,8,32,15
火属性の特大ダメージ攻撃。闇ドロップを火ドロップに変化。（敵全体に火属性の20000ダメージ）,8,マグマボール,8,31,15
闇属性の中ダメージ攻撃（敵全体に闇属性の3000ダメージ）,10,カオスボール,16,30,25
光属性の中ダメージ攻撃（敵全体に光属性の3000ダメージ）,10,サンダーボール,16,29,25
木属性の中ダメージ攻撃（敵全体に木属性の3000ダメージ）,10,アースボール,16,28,25
水属性の中ダメージ攻撃（敵全体に水属性の3000ダメージ）,10,アイスボール,16,27,25
火属性の中ダメージ攻撃（敵全体に火属性の3000ダメージ）,10,ファイアボール,16,26,25
闇属性の小ダメージ攻撃（敵全体に闇属性の1000ダメージ）,5,ダークボール,6,25,10
光属性の小ダメージ攻撃（敵全体に光属性の1000ダメージ）,5,フラッシュボール,6,24,10
木属性の小ダメージ攻撃（敵全体に木属性の1000ダメージ）,5,ウィンドボール,6,23,10
水属性の小ダメージ攻撃（敵全体に水属性の1000ダメージ）,5,コールドボール,6,22,10
火属性の小ダメージ攻撃（敵全体に火属性の1000ダメージ）,5,ヒートボール,6,21,10
攻撃力×5倍の闇属性で攻撃する,3,カースブレス,8,20,10
攻撃力×5倍の光属性で攻撃する,3,プラズマブレス,8,19,10
攻撃力×5倍の木属性で攻撃する,2,ロックブレス,9,18,10
攻撃力×5倍の水属性で攻撃する,2,スプラッシュブレス,9,17,10
攻撃力×5倍の火属性で攻撃する,2,フレイムブレス,9,16,10
自分の攻撃力×5倍の闇属性攻撃,10,カオスブレス,11,10,20
自分の攻撃力×5倍の光属性攻撃,10,サンダーブレス,11,9,20
自分の攻撃力×5倍の木属性攻撃,10,アースブレス,11,8,20
自分の攻撃力×5倍の水属性攻撃,10,アイスブレス,11,7,20
自分の攻撃力×5倍の火属性攻撃,10,ファイアブレス,11,6,20
自分の攻撃力×3倍の闇属性攻撃,5,ダークブレス,6,5,10
自分の攻撃力×3倍の光属性攻撃,5,フラッシュブレス,6,4,10
自分の攻撃力×3倍の木属性攻撃,5,ウィンドブレス,6,3,10
自分の攻撃力×3倍の水属性攻撃,5,コールドブレス,6,2,10
